
{
  "data": [
    {
      "name": "John Doe",
      "phone_number": "123-456-7890",
      "amount": 1000,
      "amount_progress": 544,
      "description": "Lorem ipsum dolor sit amet, consectetur adipiscing elit.",
      "file": "https://web.stanford.edu/class/archive/cs/cs161/cs161.1168/lecture4.pdf"
    },
    {
      "name": "Jane Smith",
      "phone_number": "987-654-3210",
      "amount": 1500,
      "amount_progress": 779,
      "description": "Sed do eiusmod tempor incididunt ut labore et dolore magna aliqua.",
      "file": "https://web.stanford.edu/class/archive/cs/cs161/cs161.1168/lecture4.pdf"
    },
    {
      "name": "Bob Johnson",
      "phone_number": "555-123-4567",
      "amount": 800,
      "amount_progress": 89,
      "description": "Ut enim ad minim veniam, quis nostrud exercitation ullamco laboris nisi ut aliquip ex ea commodo consequat.",
      "file": "https://web.stanford.edu/class/archive/cs/cs161/cs161.1168/lecture4.pdf"
    },
    {
      "name": "Alice Williams",
      "phone_number": "222-333-4444",
      "amount": 2000,
      "amount_progress": 668,
      "description": "Duis aute irure dolor in reprehenderit in voluptate velit esse cillum dolore eu fugiat nulla pariatur.",
      "file": "https://web.stanford.edu/class/archive/cs/cs161/cs161.1168/lecture4.pdf"
    },
    {
      "name": "Chris Davis",
      "phone_number": "666-777-8888",
      "amount": 1200,
      "amount_progress": 400,
      "description": "Excepteur sint occaecat cupidatat non proident, sunt in culpa qui officia deserunt mollit anim id est laborum.",
      "file": "https://web.stanford.edu/class/archive/cs/cs161/cs161.1168/lecture4.pdf"
    }
  ]
}
